comparison,n_pos,n_neg,mean_pos,mean_neg,t_stat,p_value,cohen_d,n_neutral,n_underperf,mean_neutral,mean_underperf
H1_pos vs H1_neg,6.0,6.0,0.6856833333333333,-0.9212000000000001,6.73346681362161,0.0009669559463077776,3.8875688774238477,,,,
H3_neutral vs H3_underperf,,,,,1.3511517319662674,0.2262845754842658,0.7800878161667535,6.0,6.0,-0.20343333333333333,-0.7111666666666667
