test,t,p
H1_pos vs H1_neg,6.73346681362161,0.0009669559463077776
H3_neutral vs H3_underperf,1.3511517319662674,0.2262845754842658
